Date,Category,Region,Sales,Profit
2023-01-18,Clothing,North,638.23,86.59
2023-02-04,Home,West,42.16,-6.36
2023-02-06,Groceries,North,679.5,168.18
2023-12-12,Clothing,South,334.51,44.8
2023-06-06,Books,East,786.0,33.16
2023-10-12,Toys,South,978.81,206.16
2023-02-07,Toys,North,877.66,55.86
2023-02-27,Toys,North,997.0,161.43
2023-10-02,Books,West,760.75,-88.75
2023-11-02,Electronics,North,847.22,295.64
2023-10-17,Toys,East,356.72,-7.64
2023-09-17,Groceries,South,955.62,-25.85
2023-03-03,Toys,South,266.91,-13.02
2023-04-05,Groceries,North,55.53,17.74
2023-08-06,Books,South,234.35,-9.73
2023-02-14,Home,East,908.83,26.48
2023-03-11,Electronics,East,443.04,-22.14
2023-04-03,Electronics,East,565.72,33.95
2023-05-28,Sports,East,186.1,48.0
2023-03-08,Toys,North,582.96,143.18
2023-04-08,Toys,West,774.04,-153.79
2023-02-15,Clothing,North,409.06,-54.88
2023-01-02,Electronics,West,675.78,142.52
2023-01-01,Electronics,West,915.86,-132.25
2023-12-30,Clothing,East,59.8,18.12
2023-01-26,Sports,South,314.33,-56.42
2023-08-27,Sports,North,790.69,44.08
2023-09-06,Books,South,899.48,235.11
2023-04-04,Toys,South,172.96,61.85
2023-07-21,Home,South,41.31,-0.84
2023-11-27,Home,South,927.16,262.77
2023-04-28,Electronics,East,637.67,194.04
2023-04-15,Sports,North,934.81,259.32
2023-01-05,Home,North,572.42,-59.49
2023-06-20,Home,West,675.81,222.53
2023-08-18,Groceries,East,248.21,19.85
2023-11-05,Home,South,947.45,14.35
2023-09-19,Electronics,South,516.94,26.65
2023-07-22,Clothing,South,640.77,81.17
2023-02-03,Groceries,East,456.25,-1.87
2023-12-18,Clothing,South,802.15,-123.52
2023-11-08,Sports,West,11.04,-0.92
2023-03-12,Sports,North,761.0,-24.21
2023-10-11,Home,East,838.09,118.46
2023-01-31,Clothing,South,891.08,87.32
2023-05-27,Sports,North,540.16,96.6
2023-04-19,Books,West,740.99,238.36
2023-03-06,Toys,North,367.01,27.88
2023-04-28,Books,East,823.63,43.94
2023-09-26,Toys,North,29.87,7.42
2023-04-30,Electronics,East,242.04,-17.24
2023-07-23,Books,West,197.79,29.08
2023-04-09,Toys,South,211.12,-30.8
2023-03-25,Home,West,685.85,-59.94
2023-02-15,Home,West,891.61,18.27
2023-01-24,Clothing,West,383.6,32.46
2023-05-04,Home,East,689.33,141.69
2023-08-05,Toys,West,701.32,79.87
2023-02-12,Sports,North,787.23,177.58
2023-06-20,Electronics,East,442.22,147.79
2023-01-17,Sports,West,22.13,7.1
2023-08-16,Clothing,West,631.3,53.32
2023-07-31,Toys,West,794.08,268.23
2023-07-17,Clothing,East,599.11,-55.01
2023-05-21,Toys,West,427.56,-16.92
2023-08-01,Toys,North,854.47,-38.81
2023-08-15,Books,North,157.24,43.44
2023-02-13,Toys,South,443.52,124.3
2023-06-03,Electronics,East,38.03,-1.98
2023-03-16,Clothing,North,834.39,7.32
2023-04-11,Home,North,423.09,-11.59
2023-03-08,Home,North,704.26,248.41
2023-01-19,Home,North,462.03,-46.14
2023-06-28,Clothing,North,355.99,133.35
2023-06-01,Sports,North,172.75,16.07
2023-05-15,Groceries,North,194.46,65.17
2023-04-21,Home,North,298.44,9.75
2023-08-04,Sports,West,830.9,73.79
2023-06-14,Electronics,South,188.79,15.82
2023-04-18,Home,North,995.0,-6.72
2023-01-29,Clothing,East,942.53,-37.76
2023-10-24,Clothing,East,992.33,-48.17
2023-07-01,Home,South,619.48,-24.82
2023-04-28,Groceries,East,295.0,2.13
2023-06-23,Clothing,South,668.06,223.46
2023-09-21,Groceries,North,34.1,2.82
2023-06-06,Home,North,638.97,200.43
2023-10-12,Clothing,North,822.02,-134.47
2023-11-25,Clothing,North,825.16,-102.68
2023-05-29,Toys,North,787.28,203.42
2023-07-17,Books,North,555.4,33.55
2023-06-27,Sports,South,815.83,-155.86
2023-06-08,Sports,South,937.31,153.31
2023-06-08,Groceries,East,164.17,38.41
2023-05-11,Groceries,North,317.1,70.17
2023-12-09,Groceries,North,66.73,-7.52
2023-06-02,Electronics,North,336.43,17.07
2023-02-10,Sports,North,582.64,76.11
2023-08-30,Clothing,West,866.01,-114.46
2023-01-02,Clothing,North,398.52,66.61
2023-05-31,Electronics,South,89.94,14.61
2023-09-06,Clothing,East,933.18,174.96
2023-08-03,Books,West,110.32,-11.35
2023-07-20,Clothing,North,426.35,50.2
2023-10-01,Electronics,North,712.99,-128.84
2023-10-18,Clothing,South,168.01,-15.21
2023-09-19,Toys,West,745.72,165.41
2023-12-14,Books,West,228.57,91.32
2023-10-15,Clothing,South,855.41,161.89
2023-10-28,Groceries,East,794.57,-104.69
2023-07-13,Toys,North,272.33,24.76
2023-09-11,Home,North,505.61,5.99
2023-01-24,Electronics,South,376.11,-36.69
2023-10-05,Sports,West,297.87,26.4
2023-10-22,Books,West,160.99,41.95
2023-01-16,Toys,West,128.73,-23.08
2023-12-04,Sports,West,22.89,3.15
2023-12-28,Clothing,East,86.21,-1.75
2023-11-11,Books,East,981.05,-8.37
2023-01-21,Electronics,South,464.27,-27.48
2023-06-23,Toys,North,933.93,294.3
2023-01-13,Sports,West,573.6,51.36
2023-01-08,Sports,East,882.21,147.4
2023-12-20,Books,East,97.41,4.15
2023-10-07,Electronics,North,633.39,152.18
2023-10-28,Groceries,North,697.85,261.12
2023-07-16,Clothing,South,493.27,130.23
2023-10-20,Home,West,310.74,65.39
2023-11-22,Toys,North,220.33,75.43
2023-02-01,Books,South,469.47,-76.66
2023-08-08,Sports,East,491.16,98.71
2023-07-04,Sports,South,405.65,98.22
2023-07-29,Toys,East,364.2,-47.01
2023-02-11,Electronics,North,148.17,57.92
2023-07-31,Books,North,80.43,0.68
2023-04-15,Toys,South,518.29,80.66
2023-05-15,Groceries,West,653.52,107.26
2023-10-29,Groceries,West,38.89,-3.65
2023-07-07,Sports,South,600.65,92.09
2023-07-21,Electronics,West,597.11,-62.34
2023-04-04,Clothing,North,792.5,4.13
2023-05-08,Toys,East,909.08,206.21
2023-10-16,Electronics,North,443.11,131.35
2023-08-17,Electronics,South,68.46,22.66
2023-01-26,Clothing,East,548.29,104.09
2023-11-10,Clothing,South,216.38,61.09
2023-12-08,Clothing,South,395.44,-8.83
2023-03-05,Toys,North,405.25,-59.84
2023-06-11,Groceries,South,349.99,-12.25
2023-10-09,Sports,North,468.57,152.62
2023-08-31,Sports,South,117.17,22.83
2023-12-05,Sports,North,746.72,256.23
2023-06-18,Books,South,275.36,28.92
2023-04-03,Home,East,904.69,336.25
2023-07-23,Home,East,482.42,-53.2
2023-06-17,Sports,South,221.67,12.24
2023-08-11,Electronics,West,926.46,168.97
2023-04-17,Groceries,West,616.53,81.46
2023-08-15,Books,South,507.73,111.49
2023-02-03,Home,North,960.92,179.52
2023-09-18,Toys,East,367.18,-34.56
2023-11-03,Electronics,West,848.67,-105.29
2023-02-10,Books,South,861.32,304.44
2023-01-14,Books,South,834.66,301.85
2023-10-03,Books,West,172.76,67.79
2023-04-26,Clothing,East,650.55,72.74
2023-05-23,Toys,North,46.77,6.98
2023-03-01,Books,East,977.38,-46.12
2023-12-27,Toys,West,987.3,110.52
2023-07-30,Groceries,South,903.76,-127.05
2023-08-11,Sports,West,363.83,56.81
2023-08-21,Books,South,957.75,342.64
2023-08-24,Sports,South,306.99,62.87
2023-03-29,Clothing,North,55.48,13.14
2023-02-22,Electronics,West,811.23,-33.4
2023-01-02,Electronics,North,249.06,-44.17
2023-06-23,Sports,South,685.5,60.26
2023-10-06,Toys,West,803.26,260.36
2023-04-11,Groceries,East,576.62,109.94
2023-11-09,Books,West,633.14,-42.48
2023-11-02,Groceries,North,288.05,-39.46
2023-08-05,Toys,East,826.53,10.52
2023-03-18,Toys,North,266.14,32.69
2023-02-20,Clothing,West,805.49,-89.35
2023-11-18,Sports,West,803.13,-68.7
2023-01-11,Electronics,South,532.73,49.55
2023-06-20,Groceries,East,855.05,-0.07
2023-06-10,Groceries,West,740.82,-32.89
2023-08-02,Books,East,531.36,105.63
2023-09-14,Home,West,609.02,185.06
2023-01-26,Home,West,864.65,-162.28
2023-10-26,Clothing,East,173.8,25.68
2023-03-10,Home,West,660.61,-7.92
2023-09-26,Toys,South,459.45,-12.11
2023-08-14,Electronics,East,675.23,72.16
2023-05-01,Books,South,737.61,-95.0
2023-04-20,Clothing,North,506.89,197.28
2023-11-30,Books,East,351.42,97.07
2023-11-17,Sports,West,15.85,0.46
2023-11-13,Toys,South,447.32,95.68
2023-09-24,Electronics,East,730.66,13.77
2023-03-15,Clothing,East,960.62,77.01
2023-05-16,Toys,East,133.17,49.66
2023-09-28,Books,West,942.71,-146.78
2023-05-10,Home,South,852.73,-85.1
2023-01-15,Electronics,East,907.33,64.03
2023-08-27,Sports,West,389.66,-32.64
2023-01-22,Home,West,434.23,6.47
2023-04-18,Books,West,109.81,23.66
2023-07-31,Electronics,South,274.15,71.2
2023-12-12,Clothing,East,248.4,40.14
2023-12-19,Clothing,East,206.37,71.87
2023-12-30,Clothing,North,912.55,118.33
2023-08-10,Clothing,North,97.23,-13.83
2023-09-02,Books,East,250.27,-26.81
2023-12-13,Home,West,284.51,90.85
2023-05-13,Sports,East,505.76,113.43
2023-10-15,Clothing,South,135.8,-4.92
2023-10-02,Books,North,874.18,-76.06
2023-02-20,Books,South,282.15,9.35
2023-11-11,Toys,South,948.86,336.29
2023-08-29,Home,South,516.31,-46.51
2023-04-22,Home,East,103.39,-19.06
2023-06-15,Sports,West,571.75,-45.17
2023-03-01,Clothing,North,730.89,-67.41
2023-05-19,Sports,East,167.44,-6.23
2023-12-27,Electronics,East,237.77,-14.54
2023-03-05,Electronics,West,486.73,30.02
2023-11-28,Sports,East,495.74,50.82
2023-08-11,Sports,East,882.16,-57.63
2023-06-19,Home,West,565.64,-32.39
2023-01-21,Home,West,968.6,85.14
2023-10-05,Groceries,North,581.0,117.75
2023-09-07,Electronics,West,365.34,-43.49
2023-12-01,Home,West,704.86,171.06
2023-06-13,Sports,North,384.91,-55.8
2023-10-23,Sports,West,121.21,-21.05
2023-02-10,Home,West,262.4,-12.02
2023-02-04,Sports,North,613.47,211.79
2023-10-03,Home,South,71.95,16.39
2023-12-20,Home,North,945.01,208.45
2023-07-30,Groceries,South,889.28,99.07
2023-08-29,Toys,South,842.82,77.62
2023-05-30,Books,East,975.88,-77.9
2023-03-24,Toys,East,214.43,1.93
2023-12-29,Toys,East,255.84,59.74
2023-07-15,Toys,North,226.19,-20.57
2023-10-13,Sports,South,944.6,-21.3
2023-10-06,Clothing,North,636.73,219.12
2023-03-27,Toys,North,655.94,105.14
2023-11-20,Sports,South,848.02,36.22
2023-06-03,Home,East,689.24,-119.3
2023-07-03,Electronics,South,430.17,-32.47
2023-01-10,Sports,West,887.93,65.55
2023-03-30,Books,South,316.66,56.12
2023-10-19,Clothing,East,126.7,-17.67
2023-02-15,Home,East,495.37,6.04
2023-03-24,Home,East,53.47,9.48
2023-06-05,Sports,West,876.1,149.82
2023-08-26,Electronics,East,67.01,8.83
2023-07-05,Electronics,West,46.78,9.05
2023-12-16,Home,East,300.06,93.69
2023-10-20,Books,North,532.94,-62.67
2023-08-04,Clothing,North,308.62,40.86
2023-12-22,Electronics,North,492.76,23.75
2023-12-26,Books,West,697.41,135.35
2023-07-14,Sports,North,827.23,-140.65
2023-01-03,Home,South,57.03,0.15
2023-03-09,Sports,North,785.91,-38.59
2023-03-26,Clothing,East,79.1,-8.26
2023-09-20,Home,South,28.2,5.77
2023-06-01,Home,North,344.91,56.22
2023-02-15,Electronics,East,225.78,4.59
2023-06-19,Books,South,141.91,27.97
2023-09-08,Sports,West,446.21,-54.92
2023-09-24,Electronics,South,928.1,5.41
2023-10-26,Groceries,South,748.6,-66.52
2023-05-02,Sports,East,671.55,263.22
2023-01-09,Clothing,West,133.94,-26.7
2023-08-12,Books,North,441.27,-34.22
2023-03-26,Groceries,North,238.19,-34.0
2023-05-08,Groceries,East,86.91,-3.54
2023-05-09,Clothing,East,532.08,-28.96
2023-09-04,Toys,North,464.6,131.78
2023-01-13,Books,West,904.83,44.47
2023-10-31,Books,East,312.64,-12.46
2023-03-28,Sports,East,629.62,142.66
2023-04-29,Books,West,465.9,46.63
2023-11-13,Books,North,833.8,286.72
2023-02-18,Electronics,East,746.9,172.61
2023-07-19,Books,North,425.78,48.82
2023-05-29,Toys,East,271.88,-4.71
2023-10-19,Toys,West,476.85,-48.94
2023-03-19,Home,West,432.42,-35.84
2023-02-07,Toys,West,644.13,-13.3
2023-05-15,Sports,North,582.3,-62.99
2023-10-08,Books,South,417.96,45.61
2023-10-30,Clothing,East,533.94,-106.41
2023-02-05,Clothing,West,470.83,162.31
2023-10-14,Clothing,West,420.29,116.26
2023-04-24,Groceries,East,27.49,3.51
2023-12-15,Toys,West,504.14,6.33
2023-04-12,Groceries,West,638.24,-20.37
2023-07-15,Sports,South,196.39,-9.98
2023-11-13,Groceries,West,858.76,14.64
2023-09-29,Groceries,South,563.26,27.33
2023-09-05,Books,East,393.24,-5.26
2023-08-02,Groceries,North,291.11,0.77
2023-12-26,Books,South,411.11,33.7
2023-08-18,Clothing,North,657.42,46.96
2023-10-14,Groceries,East,306.87,-28.29
2023-04-11,Sports,East,30.68,1.49
2023-06-15,Groceries,North,211.75,65.69
2023-09-05,Electronics,East,707.27,66.41
2023-12-30,Clothing,North,630.41,212.01
2023-03-05,Sports,North,344.1,62.62
2023-10-05,Home,West,683.55,48.72
2023-12-24,Clothing,West,112.93,20.57
2023-11-19,Electronics,South,135.36,-3.81
2023-02-16,Groceries,South,213.93,-36.1
2023-05-15,Groceries,South,746.49,-38.35
2023-11-12,Clothing,West,279.41,54.14
2023-07-21,Clothing,North,53.42,7.02
2023-04-11,Toys,East,39.33,-2.14
2023-10-21,Electronics,South,710.84,11.47
2023-05-30,Home,East,629.95,200.02
2023-04-20,Sports,North,391.18,120.22
2023-07-25,Groceries,North,659.81,244.34
2023-12-23,Books,North,376.44,72.61
2023-06-12,Books,North,48.7,2.43
2023-11-26,Sports,South,269.22,58.37
2023-05-17,Books,South,822.29,243.89
2023-09-18,Electronics,North,909.35,251.65
2023-10-24,Sports,South,273.79,31.45
2023-04-16,Home,East,600.51,-115.97
2023-06-26,Electronics,West,662.56,36.84
2023-04-11,Home,West,750.72,-51.36
2023-06-24,Sports,East,820.8,-136.82
2023-02-24,Clothing,West,159.85,-3.11
2023-12-21,Groceries,North,999.08,258.23
2023-04-13,Clothing,East,13.82,3.03
2023-03-24,Books,North,394.95,18.92
2023-07-09,Electronics,North,175.12,-27.65
2023-12-23,Toys,South,671.84,-74.93
2023-04-11,Toys,East,862.69,-121.93
2023-09-09,Groceries,South,631.71,234.87
2023-09-16,Books,North,505.69,176.89
2023-03-14,Home,South,467.05,57.44
2023-01-06,Books,East,356.64,103.19
2023-06-01,Groceries,West,901.13,-180.02
2023-06-13,Sports,West,950.5,95.17
2023-11-26,Home,North,554.98,82.13
2023-01-03,Groceries,North,321.5,73.65
2023-01-29,Clothing,North,512.72,-92.15
2023-03-20,Groceries,West,500.08,159.05
2023-10-27,Sports,West,533.68,134.87
2023-07-26,Books,West,430.97,116.57
2023-03-03,Books,North,671.23,91.91
2023-10-04,Clothing,West,537.16,100.02
2023-03-18,Sports,East,165.67,40.78
2023-04-01,Electronics,West,633.41,71.9
2023-01-09,Sports,South,882.14,100.24
2023-01-30,Toys,South,667.22,144.87
2023-09-01,Clothing,East,353.44,111.22
2023-01-11,Groceries,North,768.59,75.33
2023-10-27,Sports,South,573.06,133.37
2023-11-18,Books,North,142.85,48.39
2023-03-05,Books,East,582.58,166.92
2023-03-31,Clothing,East,956.89,177.76
2023-11-01,Clothing,South,160.72,0.03
2023-02-05,Clothing,North,730.99,46.76
2023-10-11,Books,East,220.23,11.87
2023-07-10,Electronics,South,266.42,82.25
2023-02-06,Home,South,531.83,208.79
2023-08-04,Electronics,East,754.42,-149.0
2023-02-11,Home,North,999.56,-3.2
2023-11-08,Toys,East,68.91,16.28
2023-02-03,Clothing,West,520.94,184.45
2023-04-09,Clothing,North,824.05,-126.39
2023-04-05,Clothing,South,171.23,67.91
2023-09-16,Home,South,698.55,83.32
2023-09-07,Home,South,877.94,-76.0
2023-08-30,Home,East,755.55,-68.94
2023-06-06,Electronics,South,441.1,-82.58
2023-08-02,Home,West,567.66,210.97
2023-02-28,Clothing,West,70.19,3.38
2023-09-23,Groceries,East,619.06,-23.27
2023-05-09,Toys,South,41.27,-0.64
2023-04-09,Home,North,577.33,22.51
2023-11-27,Electronics,South,151.06,43.2
2023-06-19,Toys,East,456.54,57.98
2023-05-31,Home,South,167.61,33.21
2023-08-10,Groceries,North,901.09,155.32
2023-12-14,Clothing,South,561.26,99.36
2023-03-01,Electronics,East,871.79,32.57
2023-07-12,Sports,East,166.92,-19.75
2023-10-10,Home,South,964.7,2.06
2023-06-07,Home,South,335.75,40.5
2023-09-26,Electronics,South,537.7,178.5
2023-03-20,Toys,West,190.95,51.81
2023-06-13,Groceries,West,570.43,182.72
2023-03-16,Home,South,234.72,-9.39
2023-01-30,Sports,East,693.55,-137.0
2023-06-10,Toys,South,613.41,38.01
2023-08-07,Home,East,679.93,239.21
2023-05-03,Toys,North,574.76,207.78
2023-03-20,Home,West,645.53,24.27
2023-09-08,Sports,East,789.4,-36.3
2023-04-27,Books,South,979.11,141.78
2023-05-26,Electronics,North,887.61,35.57
2023-02-13,Sports,South,20.11,0.23
2023-12-02,Toys,South,904.97,292.48
2023-04-15,Toys,East,979.67,337.54
2023-03-30,Electronics,North,704.06,140.19
2023-04-09,Clothing,South,245.9,8.28
2023-11-29,Clothing,East,118.98,-5.29
2023-05-09,Sports,North,929.05,369.48
2023-12-03,Clothing,West,885.68,249.08
2023-04-26,Clothing,West,415.02,20.35
2023-09-14,Books,West,36.86,1.29
2023-09-04,Books,North,525.25,127.06
2023-11-04,Groceries,North,425.09,160.31
2023-11-30,Groceries,East,625.86,19.5
2023-07-11,Groceries,North,327.73,63.83
2023-10-14,Sports,South,227.63,39.94
2023-07-18,Clothing,West,336.62,74.59
2023-05-10,Books,West,893.76,-33.01
2023-04-30,Books,East,725.75,206.54
2023-03-03,Home,South,104.66,9.65
2023-02-18,Toys,South,46.97,2.2
2023-04-09,Books,North,428.44,77.86
2023-10-24,Electronics,South,279.72,11.6
2023-09-13,Groceries,East,687.23,159.16
2023-02-09,Groceries,West,914.91,13.36
2023-06-21,Sports,East,321.57,73.03
2023-09-29,Toys,South,301.86,54.91
2023-04-24,Sports,West,139.43,-11.95
2023-12-02,Home,South,495.76,-68.38
2023-06-04,Toys,North,211.77,36.05
2023-05-17,Home,East,737.65,-67.29
2023-03-19,Clothing,North,940.28,-93.04
2023-09-29,Electronics,West,702.43,124.44
2023-09-01,Books,North,305.67,110.95
2023-05-13,Clothing,West,784.26,-28.43
2023-10-09,Sports,North,187.19,12.75
2023-06-12,Sports,North,709.27,-14.35
2023-11-02,Toys,East,682.5,-75.6
2023-07-11,Clothing,South,813.86,82.11
2023-03-01,Clothing,East,861.56,70.52
2023-04-18,Clothing,West,513.24,29.43
2023-06-01,Sports,South,794.11,-62.61
2023-05-28,Electronics,South,864.05,-116.47
2023-04-06,Clothing,North,766.56,15.66
2023-10-12,Home,West,873.28,273.17
2023-03-06,Groceries,North,774.83,75.28
2023-04-10,Sports,West,368.53,20.84
2023-01-01,Sports,North,816.96,-40.22
2023-02-09,Toys,North,218.66,-10.3
2023-04-05,Books,East,94.89,-1.15
2023-07-22,Books,West,803.74,-49.3
2023-08-01,Clothing,North,202.97,48.78
2023-03-29,Clothing,North,594.63,-75.87
2023-04-01,Toys,North,803.16,-24.59
2023-05-21,Sports,West,595.1,151.14
2023-12-17,Books,West,407.41,-1.29
2023-07-08,Sports,West,199.65,-37.91
2023-10-09,Groceries,North,630.81,237.28
2023-10-19,Groceries,North,541.52,-100.39
2023-05-22,Groceries,North,362.5,63.09
2023-12-03,Clothing,South,437.83,17.14
2023-10-05,Clothing,North,492.28,-84.26
2023-07-17,Books,North,757.0,150.58
2023-12-08,Electronics,West,110.27,22.71
2023-11-15,Clothing,North,779.42,231.92
2023-03-26,Clothing,North,703.52,-110.18
2023-03-19,Sports,North,873.83,-14.76
2023-10-23,Electronics,West,12.77,-0.68
2023-05-24,Clothing,South,472.65,33.49
2023-07-25,Electronics,South,10.9,0.29
2023-04-14,Groceries,South,838.55,-75.39
2023-03-04,Electronics,East,893.71,318.66
2023-09-15,Clothing,East,777.27,-118.98
2023-05-02,Toys,West,102.78,11.14
2023-03-09,Toys,West,985.58,66.61
2023-04-01,Books,South,418.12,-52.17
2023-11-15,Groceries,East,564.31,98.65
2023-07-29,Books,South,334.03,-49.01
2023-09-26,Sports,West,479.97,32.33
2023-02-08,Books,East,216.11,42.01
2023-05-04,Toys,South,192.68,28.16
2023-06-15,Sports,West,739.17,161.02
2023-05-07,Home,South,92.86,8.1
2023-05-20,Books,East,68.95,-13.07
2023-09-10,Books,North,574.6,26.68
2023-07-05,Groceries,West,106.36,-4.29
2023-03-20,Electronics,North,567.06,-41.12
2023-03-10,Clothing,North,986.48,199.32
2023-02-23,Electronics,North,905.4,-59.0
2023-04-22,Electronics,North,866.17,249.31
2023-10-11,Sports,South,317.97,52.48
2023-09-05,Sports,North,799.88,153.38
2023-05-26,Toys,South,152.75,57.21
2023-10-08,Sports,North,971.33,-36.22
2023-11-17,Electronics,West,676.65,219.28
2023-05-24,Clothing,East,599.26,-78.73
2023-12-12,Home,North,299.84,24.33
2023-09-25,Groceries,West,229.86,-31.24
2023-02-28,Books,West,441.72,-61.2
2023-07-06,Electronics,North,870.74,-83.39
2023-04-28,Electronics,West,125.74,-0.13
2023-11-25,Clothing,North,377.63,80.15
2023-04-21,Books,West,245.27,-29.12
2023-07-31,Books,North,410.02,21.11
2023-09-21,Toys,North,672.83,-24.06
2023-03-09,Toys,East,456.78,100.32
2023-09-10,Books,West,170.63,34.46
2023-05-12,Toys,West,702.93,-17.04
2023-02-11,Home,North,105.43,5.62
2023-03-07,Clothing,West,928.37,-116.78
2023-10-29,Clothing,North,96.56,23.94
2023-04-03,Sports,North,956.66,248.01
2023-05-03,Clothing,East,186.99,24.75
2023-02-05,Toys,East,928.55,12.28
2023-10-02,Electronics,East,821.88,95.21
2023-06-17,Clothing,East,114.65,35.13
2023-06-14,Toys,West,703.93,199.6
2023-01-11,Toys,West,107.6,18.72
2023-07-07,Books,North,694.01,81.15
2023-04-05,Groceries,North,635.99,-102.37
2023-10-25,Groceries,North,55.15,-0.47
2023-07-19,Books,South,727.16,132.24
2023-05-09,Books,East,537.81,152.73
2023-08-02,Toys,West,843.53,79.7
2023-12-13,Clothing,West,573.04,185.7
2023-06-29,Books,North,573.05,66.48
2023-04-09,Books,West,109.18,-6.67
2023-06-15,Electronics,West,935.66,171.01
2023-04-26,Books,West,995.53,312.99
2023-11-21,Books,West,288.43,37.74
2023-09-27,Groceries,East,340.14,121.99
2023-12-04,Toys,South,896.15,-147.08
2023-10-01,Sports,West,170.32,14.25
2023-02-05,Home,North,475.43,-35.48
2023-09-01,Toys,South,960.05,370.25
2023-06-09,Sports,South,892.07,68.31
2023-04-09,Clothing,North,271.38,43.47
2023-02-18,Clothing,South,933.07,189.35
2023-08-11,Home,North,254.52,-13.94
2023-05-23,Electronics,East,61.63,23.79
2023-05-31,Sports,West,413.96,146.85
2023-04-03,Books,South,997.45,98.54
2023-05-22,Groceries,South,832.89,-140.72
2023-06-18,Clothing,North,38.59,15.05
2023-05-13,Sports,South,275.96,-10.41
2023-09-09,Clothing,North,826.43,11.03
2023-10-12,Groceries,North,445.65,53.89
2023-02-26,Sports,North,267.38,16.86
2023-01-19,Groceries,North,745.74,245.67
2023-11-23,Books,West,121.83,28.76
2023-04-19,Electronics,East,298.28,69.92
2023-04-28,Electronics,East,467.37,45.81
2023-03-17,Groceries,South,672.12,-48.51
2023-09-13,Toys,South,994.91,-48.63
2023-04-18,Toys,North,912.8,237.88
2023-02-13,Sports,West,362.18,31.21
2023-12-04,Home,West,739.88,-104.21
2023-04-01,Books,West,968.98,-11.97
2023-07-07,Electronics,West,343.91,47.29
2023-01-27,Home,East,58.11,14.82
2023-11-24,Electronics,West,93.95,35.78
2023-12-04,Groceries,West,235.26,51.46
2023-02-01,Toys,West,87.88,-7.77
2023-09-12,Sports,West,421.16,66.02
2023-01-17,Groceries,West,901.12,192.66
2023-03-10,Home,West,297.57,-56.17
2023-03-07,Books,North,633.98,130.38
2023-02-03,Home,West,376.16,18.24
2023-01-18,Groceries,South,849.4,-72.69
2023-07-08,Home,West,556.91,120.94
2023-07-24,Sports,North,961.75,362.16
2023-09-08,Clothing,South,736.18,240.12
2023-04-16,Electronics,East,395.68,-35.04
2023-02-16,Electronics,East,980.48,-89.57
2023-02-16,Toys,South,769.7,-71.69
2023-12-01,Sports,East,154.06,47.57
2023-10-23,Books,North,597.0,-13.24
2023-01-23,Home,North,772.03,25.05
2023-09-03,Groceries,South,96.67,17.85
2023-09-10,Home,East,664.62,-120.79
2023-05-12,Electronics,East,286.9,-20.94
2023-10-31,Clothing,West,817.32,176.48
2023-08-23,Toys,West,77.42,8.04
2023-12-30,Toys,East,947.19,222.87
2023-03-30,Clothing,West,768.62,151.39
2023-05-31,Home,West,407.41,55.07
2023-10-20,Groceries,South,89.66,-15.85
2023-03-27,Sports,West,52.43,16.03
2023-06-19,Clothing,South,999.41,219.72
2023-02-09,Sports,West,584.04,-92.56
2023-10-19,Groceries,West,317.98,49.31
2023-02-21,Electronics,East,11.48,0.63
2023-12-06,Toys,East,958.32,60.55
2023-01-15,Toys,West,218.55,56.6
2023-03-09,Books,West,471.88,180.32
2023-11-17,Sports,East,702.81,149.44
2023-12-26,Clothing,North,494.39,24.46
2023-04-14,Books,South,302.56,82.5
2023-04-22,Clothing,South,520.58,167.68
2023-12-26,Electronics,North,627.39,-11.84
2023-03-21,Books,South,378.2,78.94
2023-01-23,Books,West,998.26,-96.32
2023-06-17,Books,East,266.97,102.47
2023-02-07,Electronics,West,186.37,-0.44
2023-09-11,Clothing,North,14.7,-1.05
2023-01-31,Sports,North,511.33,119.39
2023-03-03,Electronics,West,162.09,59.16
2023-10-22,Books,South,607.93,230.56
2023-11-24,Home,South,657.56,241.0
2023-06-05,Groceries,East,864.57,316.22
2023-05-04,Books,West,251.45,78.23
2023-04-05,Clothing,North,622.39,28.02
2023-10-21,Toys,East,963.51,-45.62
2023-01-07,Clothing,East,157.05,46.52
2023-11-01,Toys,North,139.86,48.8
2023-12-10,Sports,South,448.84,25.09
2023-11-14,Toys,North,860.25,-66.33
2023-06-27,Toys,West,597.37,160.83
2023-12-28,Groceries,North,419.27,-66.07
2023-07-24,Books,South,844.77,303.21
2023-01-26,Sports,North,234.99,81.11
2023-03-29,Electronics,North,295.85,19.4
2023-12-25,Books,North,467.98,113.76
2023-07-20,Electronics,North,163.95,55.26
2023-03-07,Electronics,East,287.28,62.27
2023-02-10,Toys,South,98.45,8.03
2023-12-23,Home,East,896.23,67.15
2023-11-20,Home,East,872.43,176.29
2023-09-01,Books,West,158.2,1.12
2023-12-22,Home,South,470.38,174.23
2023-03-04,Clothing,South,920.87,-7.34
2023-02-19,Clothing,North,551.03,32.61
2023-01-18,Electronics,East,744.15,206.79
2023-04-05,Electronics,East,766.82,267.87
2023-02-20,Groceries,East,933.58,-42.95
2023-11-12,Electronics,West,894.11,-132.2
2023-03-18,Toys,West,448.42,-73.98
2023-01-24,Electronics,West,498.54,158.15
2023-08-10,Home,North,374.95,58.64
2023-09-09,Groceries,West,900.99,61.14
2023-10-27,Toys,East,170.28,10.28
2023-04-17,Clothing,East,924.48,277.54
2023-10-07,Books,East,369.64,-37.02
2023-11-11,Groceries,West,640.82,162.07
2023-10-01,Sports,South,557.97,69.34
2023-08-25,Groceries,East,433.65,84.05
2023-05-09,Clothing,North,657.52,-32.94
2023-10-22,Home,South,501.72,-1.04
2023-11-05,Groceries,East,511.8,73.49
2023-03-21,Home,North,850.28,240.52
2023-07-04,Books,South,449.84,97.04
2023-06-15,Clothing,East,61.85,9.35
2023-11-15,Home,South,524.63,-47.22
2023-01-15,Toys,East,819.35,183.8
2023-06-28,Toys,North,825.86,-11.93
2023-05-14,Electronics,North,257.97,-0.02
2023-12-07,Sports,East,390.61,-14.21
2023-10-25,Clothing,North,630.41,46.76
2023-07-01,Home,East,250.21,53.15
2023-06-13,Groceries,East,755.47,-64.19
2023-07-01,Groceries,East,851.12,53.46
2023-10-26,Clothing,North,972.88,-6.21
2023-06-20,Home,South,208.01,-31.81
2023-03-22,Groceries,East,761.45,-86.21
2023-08-07,Toys,West,369.87,52.69
2023-09-17,Books,South,261.71,-49.57
2023-10-16,Home,South,298.27,37.46
2023-08-20,Home,North,350.79,64.23
2023-05-15,Electronics,East,606.71,-85.72
2023-09-03,Toys,East,832.89,178.9
2023-08-27,Electronics,North,618.05,99.02
2023-12-09,Groceries,East,141.16,26.97
2023-05-24,Sports,West,73.13,-6.45
2023-09-04,Home,West,236.45,4.02
2023-10-30,Sports,North,918.58,-172.66
2023-09-30,Home,East,781.26,33.88
2023-03-15,Home,East,245.47,69.8
2023-10-09,Groceries,North,902.52,145.07
2023-07-19,Books,East,661.65,64.04
2023-06-16,Books,West,568.17,105.69
2023-08-05,Electronics,North,367.83,-40.61
2023-05-07,Home,West,596.47,73.28
2023-06-24,Sports,North,182.14,-15.77
2023-01-24,Books,West,890.49,11.65
2023-01-17,Groceries,East,738.74,118.09
2023-12-28,Electronics,West,263.53,72.23
2023-01-24,Groceries,East,763.42,194.65
2023-12-27,Toys,North,453.56,104.85
2023-11-19,Groceries,South,454.64,134.42
2023-03-23,Electronics,East,610.69,-35.07
2023-06-07,Electronics,South,398.75,96.51
2023-10-30,Groceries,East,590.94,-8.89
2023-12-29,Books,North,401.9,17.57
2023-07-29,Sports,East,807.33,-47.6
2023-11-29,Sports,North,946.7,-112.02
2023-04-15,Books,East,514.03,101.8
2023-09-13,Home,South,934.93,-148.38
2023-07-08,Home,West,446.44,139.08
2023-12-22,Toys,North,956.43,5.89
2023-05-18,Electronics,East,262.33,15.21
2023-11-12,Books,South,469.46,-85.73
2023-07-26,Sports,West,156.35,37.3
2023-08-15,Toys,East,662.82,216.83
2023-11-24,Electronics,South,305.57,-56.15
2023-10-02,Sports,North,667.39,132.07
2023-10-08,Toys,West,194.93,16.77
2023-06-23,Electronics,South,526.5,-30.27
2023-09-24,Electronics,West,376.1,-8.19
2023-02-27,Books,West,868.84,286.43
2023-07-06,Clothing,South,65.28,4.95
2023-01-27,Books,West,983.83,-79.12
2023-07-22,Clothing,East,98.57,24.13
2023-04-02,Sports,West,59.77,-11.32
2023-12-07,Electronics,West,986.46,235.9
2023-05-10,Sports,West,392.72,43.06
2023-03-13,Electronics,West,640.1,-107.25
2023-03-22,Toys,North,995.36,346.9
2023-01-14,Clothing,East,714.9,-24.16
2023-09-08,Sports,West,276.86,-54.82
2023-10-13,Clothing,West,702.53,237.98
2023-06-02,Groceries,West,245.22,-27.17
2023-10-09,Books,North,881.84,-59.57
2023-05-07,Sports,South,214.64,-5.02
2023-12-29,Home,South,838.06,65.02
2023-07-06,Books,East,580.25,142.97
2023-05-20,Toys,West,420.48,164.92
2023-01-26,Books,North,707.18,169.21
2023-01-20,Toys,West,736.6,-5.15
2023-07-14,Electronics,East,428.15,-44.3
2023-06-13,Home,North,641.72,19.53
2023-10-01,Clothing,North,994.63,-163.44
2023-11-27,Home,East,846.47,81.3
2023-01-20,Books,North,327.86,77.59
2023-08-02,Electronics,North,867.57,-97.67
2023-08-05,Sports,East,876.89,134.73
2023-08-05,Sports,East,242.02,65.4
2023-08-02,Books,North,329.49,59.93
2023-08-07,Home,South,680.39,-104.91
2023-11-05,Home,South,710.26,52.6
2023-02-05,Books,South,741.81,276.39
2023-10-31,Electronics,North,726.48,221.66
2023-04-17,Sports,East,147.47,-9.02
2023-12-25,Electronics,North,795.57,53.45
2023-06-18,Toys,East,734.19,23.54
2023-07-01,Toys,South,358.44,28.02
2023-09-09,Toys,South,489.57,-26.29
2023-01-05,Home,East,853.85,-123.27
2023-04-09,Electronics,North,518.64,163.61
2023-01-05,Clothing,West,85.35,-13.78
2023-12-29,Books,North,662.43,241.63
2023-02-25,Toys,South,614.92,-109.55
2023-11-06,Groceries,East,569.09,-105.63
2023-12-26,Electronics,South,797.17,193.44
2023-02-16,Home,West,855.67,-146.46
2023-09-21,Sports,East,615.46,25.7
2023-04-30,Groceries,East,49.09,-4.16
2023-06-12,Sports,East,203.56,28.22
2023-02-21,Books,North,794.35,-135.26
2023-09-09,Toys,West,697.88,169.98
2023-10-17,Books,North,513.51,17.59
2023-07-02,Groceries,West,349.95,-66.91
2023-01-01,Toys,West,814.77,243.27
2023-05-06,Groceries,East,398.67,121.76
2023-04-09,Home,North,210.85,72.99
2023-12-01,Clothing,South,759.97,33.5
2023-09-19,Electronics,North,364.6,-28.66
2023-09-22,Clothing,East,458.71,100.58
2023-06-24,Groceries,West,76.36,-2.1
2023-06-28,Electronics,South,889.18,194.49
2023-11-23,Sports,West,596.95,-64.82
2023-04-06,Toys,East,366.66,123.36
2023-05-04,Electronics,West,531.29,-89.96
2023-09-30,Toys,North,430.62,102.33
2023-02-23,Sports,West,739.91,92.18
2023-01-13,Toys,South,359.71,143.11
2023-05-04,Books,West,573.45,-114.55
2023-07-19,Toys,East,576.43,70.28
2023-06-05,Books,North,813.57,245.33
2023-04-22,Books,North,954.0,38.42
2023-11-21,Books,South,662.33,59.91
2023-02-12,Toys,West,919.86,-126.77
2023-05-27,Home,West,663.8,11.61
2023-06-25,Sports,East,499.28,86.53
2023-08-10,Clothing,South,119.86,21.47
2023-08-30,Groceries,North,355.8,111.02
2023-04-30,Home,East,794.94,140.23
2023-11-30,Sports,West,113.67,29.78
2023-06-22,Home,West,268.13,1.13
2023-06-23,Home,East,710.5,262.01
2023-09-13,Sports,North,336.44,60.44
2023-10-01,Sports,East,267.0,35.52
2023-02-01,Electronics,South,373.55,27.79
2023-12-06,Sports,East,141.0,36.04
2023-11-07,Groceries,North,253.34,-40.81
2023-02-17,Clothing,West,555.24,-40.18
2023-02-24,Books,South,46.14,9.66
2023-08-06,Toys,North,793.82,-54.04
2023-12-07,Sports,South,999.8,345.55
2023-09-15,Toys,South,614.19,-50.09
2023-05-31,Groceries,West,888.69,52.73
2023-09-03,Home,South,179.9,29.92
2023-10-24,Clothing,West,502.89,117.44
2023-02-13,Books,West,633.34,111.98
2023-01-18,Home,South,576.31,-82.76
2023-05-02,Toys,West,964.55,288.64
2023-01-29,Clothing,West,652.24,47.41
2023-02-03,Electronics,South,337.54,19.12
2023-09-08,Clothing,South,728.03,111.84
2023-05-14,Toys,South,111.3,19.56
2023-06-27,Toys,North,348.16,63.22
2023-01-08,Toys,North,831.18,318.28
2023-03-27,Books,East,701.3,181.3
2023-12-02,Electronics,North,808.95,127.76
2023-03-02,Sports,West,692.97,130.89
2023-01-21,Groceries,East,442.11,167.69
2023-12-22,Groceries,East,961.78,26.19
2023-03-21,Books,South,145.4,4.83
2023-03-16,Toys,South,497.94,32.1
2023-04-16,Toys,West,820.5,-48.85
2023-06-15,Electronics,South,727.29,235.91
2023-12-18,Home,North,193.34,76.77
2023-04-18,Toys,South,534.45,117.67
2023-04-23,Toys,East,147.6,22.17
2023-11-06,Groceries,West,725.29,217.05
2023-06-20,Groceries,West,309.17,44.91
2023-01-16,Electronics,West,900.35,-3.53
2023-02-09,Sports,North,736.48,-16.7
2023-05-11,Clothing,North,662.72,109.46
2023-11-16,Clothing,East,672.33,12.66
2023-11-18,Groceries,East,113.13,-8.25
2023-11-07,Sports,South,520.67,87.51
2023-05-22,Electronics,North,641.65,1.64
2023-01-20,Toys,West,458.85,162.37
2023-02-18,Toys,East,234.25,52.79
2023-12-09,Home,South,67.42,18.56
2023-12-02,Clothing,East,495.2,-67.31
2023-01-08,Sports,South,563.2,80.98
2023-07-16,Home,East,723.38,196.61
2023-11-10,Groceries,North,724.87,149.91
2023-09-26,Home,West,371.9,135.06
2023-12-08,Clothing,West,941.35,63.01
2023-06-12,Sports,North,955.82,57.77
2023-05-25,Home,North,805.37,277.47
2023-12-26,Groceries,North,996.32,31.25
2023-03-01,Toys,South,628.52,-100.89
2023-03-14,Sports,South,233.84,30.37
2023-06-06,Electronics,East,214.35,-10.49
2023-10-31,Toys,East,964.1,112.08
2023-09-28,Groceries,West,907.55,211.4
2023-07-26,Clothing,West,735.19,243.77
2023-10-19,Toys,East,174.92,-6.42
2023-11-30,Electronics,North,781.17,152.86
2023-05-04,Electronics,North,207.96,64.88
2023-05-14,Toys,South,241.87,52.22
2023-09-14,Sports,South,780.25,181.72
2023-04-20,Electronics,North,237.11,-20.39
2023-01-12,Groceries,North,854.68,239.82
2023-11-15,Home,West,454.68,-76.67
2023-08-11,Home,West,396.52,4.22
2023-02-20,Toys,South,594.08,-3.67
2023-11-12,Clothing,South,394.92,0.54
2023-11-24,Home,North,273.27,-13.54
2023-01-01,Sports,East,562.59,-61.0
2023-06-14,Toys,West,503.19,152.65
2023-06-24,Clothing,North,66.9,-11.37
2023-08-19,Sports,South,704.52,40.28
2023-07-23,Books,North,345.81,-45.58
2023-04-18,Groceries,South,156.49,32.52
2023-11-04,Toys,South,59.23,1.0
2023-12-19,Groceries,North,498.48,129.52
2023-04-21,Sports,West,768.75,-142.56
2023-08-12,Home,South,759.24,-142.61
2023-03-30,Sports,North,124.5,33.72
2023-12-18,Electronics,East,136.34,3.02
2023-02-10,Electronics,East,630.7,69.29
2023-04-17,Toys,East,958.92,375.29
2023-12-26,Electronics,East,234.02,66.99
2023-10-25,Clothing,North,301.71,31.85
2023-02-28,Sports,North,63.69,10.79
2023-05-18,Clothing,North,689.18,136.26
2023-02-14,Toys,South,30.06,-1.65
2023-08-14,Groceries,East,130.32,-22.17
2023-11-25,Home,North,92.54,5.15
2023-01-02,Books,North,15.71,2.65
2023-07-10,Toys,East,14.21,2.31
2023-07-06,Books,South,885.82,-52.77
2023-07-22,Books,North,963.2,142.71
2023-11-13,Electronics,West,282.83,48.55
2023-10-16,Toys,South,39.39,9.05
2023-09-14,Home,North,177.9,8.71
2023-10-22,Groceries,East,569.91,38.89
2023-04-28,Electronics,West,539.7,11.41
2023-07-20,Groceries,South,418.43,-40.05
2023-08-03,Clothing,North,150.31,1.55
2023-08-19,Clothing,East,499.76,176.44
2023-03-01,Clothing,South,191.93,-14.68
2023-02-21,Groceries,North,745.45,225.53
2023-01-27,Home,North,391.83,-10.24
2023-09-02,Toys,South,222.43,2.38
2023-07-30,Electronics,West,803.97,282.09
2023-11-13,Clothing,West,201.93,37.23
2023-08-06,Sports,North,449.12,153.76
2023-04-26,Toys,West,381.43,14.76
2023-12-02,Clothing,North,566.34,48.98
2023-09-13,Sports,East,577.11,-113.66
2023-06-09,Home,West,434.65,74.45
2023-07-14,Toys,North,837.27,-42.98
2023-11-01,Clothing,North,60.04,7.49
2023-07-12,Books,South,148.03,20.82
2023-06-06,Books,East,389.97,-49.02
2023-11-20,Sports,West,142.46,22.09
2023-11-06,Electronics,West,424.64,156.55
2023-04-19,Sports,West,16.34,-0.96
2023-06-24,Sports,East,728.86,-6.13
2023-06-11,Books,North,876.12,-46.83
2023-01-10,Books,West,167.14,45.18
2023-08-28,Home,East,571.05,174.37
2023-01-11,Groceries,North,287.64,77.76
2023-06-09,Books,South,454.41,104.41
2023-03-01,Groceries,North,440.79,157.87
2023-11-03,Electronics,East,325.35,39.91
2023-12-02,Sports,West,525.09,140.37
2023-06-07,Sports,West,673.54,55.9
2023-06-20,Groceries,West,178.61,-4.78
2023-06-06,Electronics,West,243.39,8.91
2023-01-23,Home,South,739.2,169.29
2023-05-12,Electronics,East,838.79,-83.53
2023-05-06,Books,South,527.66,125.89
2023-12-24,Clothing,East,238.36,42.3
2023-07-14,Groceries,West,12.28,-0.64
2023-06-18,Home,South,299.93,57.76
2023-11-07,Toys,North,199.52,-0.76
2023-06-18,Toys,East,531.53,-29.78
2023-10-28,Clothing,East,608.96,143.3
2023-03-07,Clothing,West,440.04,-28.11
2023-11-05,Clothing,East,42.66,2.89
2023-10-08,Home,West,817.63,130.79
2023-11-01,Clothing,West,462.85,142.99
2023-11-08,Groceries,East,984.33,28.18
2023-03-16,Sports,South,548.03,175.56
2023-11-25,Sports,North,815.62,-102.64
2023-12-14,Home,West,771.2,265.09
2023-10-20,Home,North,145.26,8.58
2023-02-02,Electronics,North,718.11,-63.77
2023-01-20,Home,East,340.59,-26.36
2023-09-11,Toys,East,947.99,-54.28
2023-04-22,Clothing,West,573.76,94.05
2023-05-04,Books,West,226.71,58.58
2023-09-07,Books,West,495.12,-25.16
2023-02-26,Home,West,350.26,132.91
2023-04-21,Home,West,578.93,58.62
2023-02-18,Toys,South,361.35,6.87
2023-05-26,Groceries,East,120.57,47.7
2023-09-01,Electronics,West,857.68,94.0
2023-11-08,Books,East,411.68,152.11
2023-04-27,Books,South,696.58,272.28
2023-10-17,Books,South,282.65,37.16
2023-08-22,Books,South,53.84,16.27
2023-06-06,Home,West,238.55,7.22
2023-05-11,Books,East,613.56,27.75
2023-05-01,Home,West,423.24,20.35
2023-06-15,Books,East,611.48,-5.63
2023-10-02,Books,South,461.35,54.46
2023-10-13,Groceries,South,585.25,52.75
2023-07-10,Clothing,West,669.15,164.84
2023-09-30,Home,North,909.36,-100.92
2023-06-13,Electronics,East,231.55,-42.43
2023-09-07,Sports,South,416.43,122.55
2023-05-31,Books,South,79.42,23.62
2023-10-17,Toys,West,874.02,260.69
2023-01-15,Books,East,510.94,27.35
2023-09-28,Electronics,West,557.92,-5.13
2023-03-29,Toys,North,711.0,-37.68
2023-11-22,Groceries,North,542.4,177.87
2023-07-30,Toys,West,42.24,-2.26
2023-07-21,Electronics,South,530.35,126.13
2023-12-10,Toys,East,240.92,-4.94
2023-07-05,Sports,West,704.35,265.37
2023-04-29,Home,North,502.61,-11.99
2023-03-26,Home,South,499.47,-94.67
2023-02-26,Home,South,615.35,-2.71
2023-03-14,Clothing,South,563.78,131.04
2023-02-23,Clothing,East,900.78,56.53
2023-02-17,Home,East,596.11,76.35
2023-12-02,Books,East,104.47,-9.82
2023-04-18,Clothing,South,264.99,22.82
2023-11-09,Toys,South,370.22,92.44
2023-06-02,Toys,West,497.87,-80.57
2023-01-07,Toys,East,500.33,-4.48
2023-03-09,Books,East,118.86,-9.9
2023-06-10,Clothing,West,850.44,-31.99
